<annotation>
	<folder>data</folder>
	<filename>00066.jpg</filename>
	<path>\\gz\ActiveBackupforBusiness\曹志威\rail_ground\train\data\00066.jpg</path>
	<source>
		<database>Unknown</database>
	</source>
	<size>
		<width>1920</width>
		<height>1080</height>
		<depth>3</depth>
	</size>
	<segmented>0</segmented>
	<object>
		<name>person</name>
		<pose>Unspecified</pose>
		<truncated>0</truncated>
		<difficult>0</difficult>
		<bndbox>
			<xmin>721</xmin>
			<ymin>681</ymin>
			<xmax>875</xmax>
			<ymax>962</ymax>
		</bndbox>
	</object>
	<object>
		<name>equipmentbox</name>
		<pose>Unspecified</pose>
		<truncated>0</truncated>
		<difficult>0</difficult>
		<bndbox>
			<xmin>594</xmin>
			<ymin>881</ymin>
			<xmax>676</xmax>
			<ymax>944</ymax>
		</bndbox>
	</object>
</annotation>
