<annotation>
	<folder>data</folder>
	<filename>00091.jpg</filename>
	<path>\\gz\ActiveBackupforBusiness\曹志威\rail_ground\train\data\00091.jpg</path>
	<source>
		<database>Unknown</database>
	</source>
	<size>
		<width>1920</width>
		<height>1080</height>
		<depth>3</depth>
	</size>
	<segmented>0</segmented>
	<object>
		<name>person</name>
		<pose>Unspecified</pose>
		<truncated>0</truncated>
		<difficult>0</difficult>
		<bndbox>
			<xmin>861</xmin>
			<ymin>698</ymin>
			<xmax>1015</xmax>
			<ymax>974</ymax>
		</bndbox>
	</object>
	<object>
		<name>equipmentbox</name>
		<pose>Unspecified</pose>
		<truncated>0</truncated>
		<difficult>0</difficult>
		<bndbox>
			<xmin>593</xmin>
			<ymin>875</ymin>
			<xmax>674</xmax>
			<ymax>941</ymax>
		</bndbox>
	</object>
</annotation>
