<annotation>
	<folder>data</folder>
	<filename>00126.jpg</filename>
	<path>\\gz\ActiveBackupforBusiness\曹志威\rail_ground\train\data\00126.jpg</path>
	<source>
		<database>Unknown</database>
	</source>
	<size>
		<width>1920</width>
		<height>1080</height>
		<depth>3</depth>
	</size>
	<segmented>0</segmented>
	<object>
		<name>person</name>
		<pose>Unspecified</pose>
		<truncated>0</truncated>
		<difficult>0</difficult>
		<bndbox>
			<xmin>732</xmin>
			<ymin>669</ymin>
			<xmax>877</xmax>
			<ymax>950</ymax>
		</bndbox>
	</object>
	<object>
		<name>equipmentbox</name>
		<pose>Unspecified</pose>
		<truncated>0</truncated>
		<difficult>0</difficult>
		<bndbox>
			<xmin>589</xmin>
			<ymin>869</ymin>
			<xmax>670</xmax>
			<ymax>933</ymax>
		</bndbox>
	</object>
</annotation>
