<annotation>
	<folder>data</folder>
	<filename>00307.jpg</filename>
	<path>\\gz\ActiveBackupforBusiness\曹志威\rail_ground\train\data\00307.jpg</path>
	<source>
		<database>Unknown</database>
	</source>
	<size>
		<width>1920</width>
		<height>1080</height>
		<depth>3</depth>
	</size>
	<segmented>0</segmented>
	<object>
		<name>person</name>
		<pose>Unspecified</pose>
		<truncated>0</truncated>
		<difficult>0</difficult>
		<bndbox>
			<xmin>813</xmin>
			<ymin>689</ymin>
			<xmax>1011</xmax>
			<ymax>1038</ymax>
		</bndbox>
	</object>
	<object>
		<name>box</name>
		<pose>Unspecified</pose>
		<truncated>0</truncated>
		<difficult>0</difficult>
		<bndbox>
			<xmin>752</xmin>
			<ymin>806</ymin>
			<xmax>877</xmax>
			<ymax>959</ymax>
		</bndbox>
	</object>
	<object>
		<name>equipmentbox</name>
		<pose>Unspecified</pose>
		<truncated>0</truncated>
		<difficult>0</difficult>
		<bndbox>
			<xmin>605</xmin>
			<ymin>868</ymin>
			<xmax>677</xmax>
			<ymax>922</ymax>
		</bndbox>
	</object>
	<object>
		<name>stone</name>
		<pose>Unspecified</pose>
		<truncated>0</truncated>
		<difficult>0</difficult>
		<bndbox>
			<xmin>941</xmin>
			<ymin>822</ymin>
			<xmax>1010</xmax>
			<ymax>917</ymax>
		</bndbox>
	</object>
	<object>
		<name>stone</name>
		<pose>Unspecified</pose>
		<truncated>0</truncated>
		<difficult>0</difficult>
		<bndbox>
			<xmin>823</xmin>
			<ymin>695</ymin>
			<xmax>886</xmax>
			<ymax>798</ymax>
		</bndbox>
	</object>
</annotation>
