<annotation>
	<folder>data</folder>
	<filename>00556.jpg</filename>
	<path>\\gz\ActiveBackupforBusiness\曹志威\rail_ground\train\data\00556.jpg</path>
	<source>
		<database>Unknown</database>
	</source>
	<size>
		<width>1920</width>
		<height>1080</height>
		<depth>3</depth>
	</size>
	<segmented>0</segmented>
	<object>
		<name>person</name>
		<pose>Unspecified</pose>
		<truncated>0</truncated>
		<difficult>0</difficult>
		<bndbox>
			<xmin>956</xmin>
			<ymin>456</ymin>
			<xmax>1082</xmax>
			<ymax>728</ymax>
		</bndbox>
	</object>
	<object>
		<name>equipmentbox</name>
		<pose>Unspecified</pose>
		<truncated>0</truncated>
		<difficult>0</difficult>
		<bndbox>
			<xmin>683</xmin>
			<ymin>627</ymin>
			<xmax>759</xmax>
			<ymax>689</ymax>
		</bndbox>
	</object>
</annotation>
