<annotation>
    <folder></folder>
    <filename>00555.jpg</filename>
    <path>/media/vv/sda3/caozhiwei/detection/GroundingDINO/voc_dataset/data/00555.jpg</path>
    <source>
        <database></database>
    </source>
    <size>
        <width>1920</width>
        <height>1080</height>
        <depth>3</depth>
    </size>
    <segmented></segmented>
    <object>
        <name>person</name>
        <bndbox>
            <xmin>943</xmin>
            <ymin>442</ymin>
            <xmax>1000</xmax>
            <ymax>560</ymax>
        </bndbox>
    </object>
</annotation>