<annotation>
    <folder></folder>
    <filename>00672.jpg</filename>
    <path>/media/vv/sda3/caozhiwei/detection/GroundingDINO/voc_dataset/data/00672.jpg</path>
    <source>
        <database></database>
    </source>
    <size>
        <width>1920</width>
        <height>1080</height>
        <depth>3</depth>
    </size>
    <segmented></segmented>
    <object>
        <name>person</name>
        <bndbox>
            <xmin>1172</xmin>
            <ymin>495</ymin>
            <xmax>1360</xmax>
            <ymax>876</ymax>
        </bndbox>
    </object>
    <object>
        <name>balloon</name>
        <bndbox>
            <xmin>1335</xmin>
            <ymin>651</ymin>
            <xmax>1396</xmax>
            <ymax>712</ymax>
        </bndbox>
    </object>
    <object>
        <name>balloon</name>
        <bndbox>
            <xmin>1108</xmin>
            <ymin>704</ymin>
            <xmax>1228</xmax>
            <ymax>818</ymax>
        </bndbox>
    </object>
</annotation>