<annotation>
    <folder></folder>
    <filename>00709.jpg</filename>
    <path>/media/vv/sda3/caozhiwei/detection/GroundingDINO/voc_dataset/data/00709.jpg</path>
    <source>
        <database></database>
    </source>
    <size>
        <width>1920</width>
        <height>1080</height>
        <depth>3</depth>
    </size>
    <segmented></segmented>
    <object>
        <name>person</name>
        <bndbox>
            <xmin>911</xmin>
            <ymin>436</ymin>
            <xmax>982</xmax>
            <ymax>652</ymax>
        </bndbox>
    </object>
    <object>
        <name>balloon</name>
        <bndbox>
            <xmin>961</xmin>
            <ymin>443</ymin>
            <xmax>1024</xmax>
            <ymax>505</ymax>
        </bndbox>
    </object>
</annotation>