<annotation>
    <folder></folder>
    <filename>00781.jpg</filename>
    <path>/media/vv/sda3/caozhiwei/detection/GroundingDINO/voc_dataset/data/00781.jpg</path>
    <source>
        <database></database>
    </source>
    <size>
        <width>1920</width>
        <height>1080</height>
        <depth>3</depth>
    </size>
    <segmented></segmented>
    <object>
        <name>person</name>
        <bndbox>
            <xmin>980</xmin>
            <ymin>428</ymin>
            <xmax>1036</xmax>
            <ymax>550</ymax>
        </bndbox>
    </object>
</annotation>