<annotation>
    <folder></folder>
    <filename>00795.jpg</filename>
    <path>/media/vv/sda3/caozhiwei/detection/GroundingDINO/voc_dataset/data/00795.jpg</path>
    <source>
        <database></database>
    </source>
    <size>
        <width>1920</width>
        <height>1080</height>
        <depth>3</depth>
    </size>
    <segmented></segmented>
    <object>
        <name>person</name>
        <bndbox>
            <xmin>985</xmin>
            <ymin>425</ymin>
            <xmax>1035</xmax>
            <ymax>542</ymax>
        </bndbox>
    </object>
</annotation>