<annotation>
    <folder></folder>
    <filename>00870.jpg</filename>
    <path>/media/vv/sda3/caozhiwei/detection/GroundingDINO/voc_dataset/data/00870.jpg</path>
    <source>
        <database></database>
    </source>
    <size>
        <width>1920</width>
        <height>1080</height>
        <depth>3</depth>
    </size>
    <segmented></segmented>
    <object>
        <name>person</name>
        <bndbox>
            <xmin>1067</xmin>
            <ymin>497</ymin>
            <xmax>1204</xmax>
            <ymax>850</ymax>
        </bndbox>
    </object>
</annotation>