<annotation>
    <folder></folder>
    <filename>00950.jpg</filename>
    <path>/media/vv/sda3/caozhiwei/detection/GroundingDINO/voc_dataset/data/00950.jpg</path>
    <source>
        <database></database>
    </source>
    <size>
        <width>1920</width>
        <height>1080</height>
        <depth>3</depth>
    </size>
    <segmented></segmented>
    <object>
        <name>person</name>
        <bndbox>
            <xmin>1039</xmin>
            <ymin>463</ymin>
            <xmax>1134</xmax>
            <ymax>712</ymax>
        </bndbox>
    </object>
</annotation>