<annotation>
    <folder></folder>
    <filename>01010.jpg</filename>
    <path>/media/vv/sda3/caozhiwei/detection/GroundingDINO/voc_dataset/data/01010.jpg</path>
    <source>
        <database></database>
    </source>
    <size>
        <width>1920</width>
        <height>1080</height>
        <depth>3</depth>
    </size>
    <segmented></segmented>
    <object>
        <name>person</name>
        <bndbox>
            <xmin>1037</xmin>
            <ymin>451</ymin>
            <xmax>1112</xmax>
            <ymax>648</ymax>
        </bndbox>
    </object>
</annotation>