<annotation>
    <folder></folder>
    <filename>01017.jpg</filename>
    <path>/media/vv/sda3/caozhiwei/detection/GroundingDINO/voc_dataset/data/01017.jpg</path>
    <source>
        <database></database>
    </source>
    <size>
        <width>1920</width>
        <height>1080</height>
        <depth>3</depth>
    </size>
    <segmented></segmented>
    <object>
        <name>person</name>
        <bndbox>
            <xmin>1035</xmin>
            <ymin>450</ymin>
            <xmax>1115</xmax>
            <ymax>642</ymax>
        </bndbox>
    </object>
</annotation>