<annotation>
    <folder></folder>
    <filename>01014.jpg</filename>
    <path>/media/vv/sda3/caozhiwei/detection/GroundingDINO/voc_dataset/data/01014.jpg</path>
    <source>
        <database></database>
    </source>
    <size>
        <width>1920</width>
        <height>1080</height>
        <depth>3</depth>
    </size>
    <segmented></segmented>
    <object>
        <name>person</name>
        <bndbox>
            <xmin>1239</xmin>
            <ymin>528</ymin>
            <xmax>1408</xmax>
            <ymax>987</ymax>
        </bndbox>
    </object>
    <object>
        <name>balloon</name>
        <bndbox>
            <xmin>1131</xmin>
            <ymin>863</ymin>
            <xmax>1276</xmax>
            <ymax>965</ymax>
        </bndbox>
    </object>
</annotation>