<annotation>
    <folder></folder>
    <filename>01023.jpg</filename>
    <path>/media/vv/sda3/caozhiwei/detection/GroundingDINO/voc_dataset/data/01023.jpg</path>
    <source>
        <database></database>
    </source>
    <size>
        <width>1920</width>
        <height>1080</height>
        <depth>3</depth>
    </size>
    <segmented></segmented>
    <object>
        <name>person</name>
        <bndbox>
            <xmin>1145</xmin>
            <ymin>647</ymin>
            <xmax>1381</xmax>
            <ymax>971</ymax>
        </bndbox>
    </object>
    <object>
        <name>balloon</name>
        <bndbox>
            <xmin>1132</xmin>
            <ymin>863</ymin>
            <xmax>1276</xmax>
            <ymax>966</ymax>
        </bndbox>
    </object>
</annotation>