<annotation>
    <folder></folder>
    <filename>01087.jpg</filename>
    <path>/media/vv/sda3/caozhiwei/detection/GroundingDINO/voc_dataset/data/01087.jpg</path>
    <source>
        <database></database>
    </source>
    <size>
        <width>1920</width>
        <height>1080</height>
        <depth>3</depth>
    </size>
    <segmented></segmented>
    <object>
        <name>person</name>
        <bndbox>
            <xmin>794</xmin>
            <ymin>535</ymin>
            <xmax>1191</xmax>
            <ymax>1076</ymax>
        </bndbox>
    </object>
    <object>
        <name>balloon</name>
        <bndbox>
            <xmin>1034</xmin>
            <ymin>654</ymin>
            <xmax>1247</xmax>
            <ymax>911</ymax>
        </bndbox>
    </object>
</annotation>