<annotation>
    <folder></folder>
    <filename>01093.jpg</filename>
    <path>/media/vv/sda3/caozhiwei/detection/GroundingDINO/voc_dataset/data/01093.jpg</path>
    <source>
        <database></database>
    </source>
    <size>
        <width>1920</width>
        <height>1080</height>
        <depth>3</depth>
    </size>
    <segmented></segmented>
    <object>
        <name>person</name>
        <bndbox>
            <xmin>730</xmin>
            <ymin>668</ymin>
            <xmax>1052</xmax>
            <ymax>1076</ymax>
        </bndbox>
    </object>
    <object>
        <name>balloon</name>
        <bndbox>
            <xmin>1015</xmin>
            <ymin>510</ymin>
            <xmax>1263</xmax>
            <ymax>758</ymax>
        </bndbox>
    </object>
</annotation>