<annotation>
    <folder></folder>
    <filename>01131.jpg</filename>
    <path>/media/vv/sda3/caozhiwei/detection/GroundingDINO/voc_dataset/data/01131.jpg</path>
    <source>
        <database></database>
    </source>
    <size>
        <width>1920</width>
        <height>1080</height>
        <depth>3</depth>
    </size>
    <segmented></segmented>
    <object>
        <name>person</name>
        <bndbox>
            <xmin>874</xmin>
            <ymin>400</ymin>
            <xmax>971</xmax>
            <ymax>614</ymax>
        </bndbox>
    </object>
    <object>
        <name>box</name>
        <bndbox>
            <xmin>1015</xmin>
            <ymin>505</ymin>
            <xmax>1083</xmax>
            <ymax>565</ymax>
        </bndbox>
    </object>
</annotation>