<annotation>
    <folder></folder>
    <filename>01159.jpg</filename>
    <path>/media/vv/sda3/caozhiwei/detection/GroundingDINO/voc_dataset/data/01159.jpg</path>
    <source>
        <database></database>
    </source>
    <size>
        <width>1920</width>
        <height>1080</height>
        <depth>3</depth>
    </size>
    <segmented></segmented>
    <object>
        <name>person</name>
        <bndbox>
            <xmin>473</xmin>
            <ymin>555</ymin>
            <xmax>619</xmax>
            <ymax>977</ymax>
        </bndbox>
    </object>
    <object>
        <name>box</name>
        <bndbox>
            <xmin>968</xmin>
            <ymin>584</ymin>
            <xmax>1035</xmax>
            <ymax>645</ymax>
        </bndbox>
    </object>
</annotation>