<annotation>
    <folder></folder>
    <filename>01157.jpg</filename>
    <path>/media/vv/sda3/caozhiwei/detection/GroundingDINO/voc_dataset/data/01157.jpg</path>
    <source>
        <database></database>
    </source>
    <size>
        <width>1920</width>
        <height>1080</height>
        <depth>3</depth>
    </size>
    <segmented></segmented>
    <object>
        <name>person</name>
        <bndbox>
            <xmin>924</xmin>
            <ymin>399</ymin>
            <xmax>1005</xmax>
            <ymax>606</ymax>
        </bndbox>
    </object>
    <object>
        <name>box</name>
        <bndbox>
            <xmin>1013</xmin>
            <ymin>504</ymin>
            <xmax>1081</xmax>
            <ymax>565</ymax>
        </bndbox>
    </object>
</annotation>