<annotation>
    <folder></folder>
    <filename>01163.jpg</filename>
    <path>/media/vv/sda3/caozhiwei/detection/GroundingDINO/voc_dataset/data/01163.jpg</path>
    <source>
        <database></database>
    </source>
    <size>
        <width>1920</width>
        <height>1080</height>
        <depth>3</depth>
    </size>
    <segmented></segmented>
    <object>
        <name>person</name>
        <bndbox>
            <xmin>1167</xmin>
            <ymin>402</ymin>
            <xmax>1241</xmax>
            <ymax>549</ymax>
        </bndbox>
    </object>
    <object>
        <name>box</name>
        <bndbox>
            <xmin>1212</xmin>
            <ymin>453</ymin>
            <xmax>1270</xmax>
            <ymax>526</ymax>
        </bndbox>
    </object>
</annotation>