<annotation>
    <folder></folder>
    <filename>01194.jpg</filename>
    <path>/media/vv/sda3/caozhiwei/detection/GroundingDINO/voc_dataset/data/01194.jpg</path>
    <source>
        <database></database>
    </source>
    <size>
        <width>1920</width>
        <height>1080</height>
        <depth>3</depth>
    </size>
    <segmented></segmented>
    <object>
        <name>person</name>
        <bndbox>
            <xmin>1108</xmin>
            <ymin>437</ymin>
            <xmax>1206</xmax>
            <ymax>579</ymax>
        </bndbox>
    </object>
    <object>
        <name>box</name>
        <bndbox>
            <xmin>1158</xmin>
            <ymin>504</ymin>
            <xmax>1220</xmax>
            <ymax>575</ymax>
        </bndbox>
    </object>
</annotation>