<annotation>
    <folder></folder>
    <filename>01199.jpg</filename>
    <path>/media/vv/sda3/caozhiwei/detection/GroundingDINO/voc_dataset/data/01199.jpg</path>
    <source>
        <database></database>
    </source>
    <size>
        <width>1920</width>
        <height>1080</height>
        <depth>3</depth>
    </size>
    <segmented></segmented>
    <object>
        <name>person</name>
        <bndbox>
            <xmin>1112</xmin>
            <ymin>438</ymin>
            <xmax>1208</xmax>
            <ymax>575</ymax>
        </bndbox>
    </object>
    <object>
        <name>box</name>
        <bndbox>
            <xmin>1149</xmin>
            <ymin>494</ymin>
            <xmax>1230</xmax>
            <ymax>571</ymax>
        </bndbox>
    </object>
</annotation>