<annotation>
    <folder></folder>
    <filename>01200.jpg</filename>
    <path>/media/vv/sda3/caozhiwei/detection/GroundingDINO/voc_dataset/data/01200.jpg</path>
    <source>
        <database></database>
    </source>
    <size>
        <width>1920</width>
        <height>1080</height>
        <depth>3</depth>
    </size>
    <segmented></segmented>
    <object>
        <name>person</name>
        <bndbox>
            <xmin>1105</xmin>
            <ymin>443</ymin>
            <xmax>1203</xmax>
            <ymax>579</ymax>
        </bndbox>
    </object>
    <object>
        <name>box</name>
        <bndbox>
            <xmin>1155</xmin>
            <ymin>504</ymin>
            <xmax>1233</xmax>
            <ymax>581</ymax>
        </bndbox>
    </object>
</annotation>