<annotation>
    <folder></folder>
    <filename>01225.jpg</filename>
    <path>/media/vv/sda3/caozhiwei/detection/GroundingDINO/voc_dataset/data/01225.jpg</path>
    <source>
        <database></database>
    </source>
    <size>
        <width>1920</width>
        <height>1080</height>
        <depth>3</depth>
    </size>
    <segmented></segmented>
    <object>
        <name>person</name>
        <bndbox>
            <xmin>1017</xmin>
            <ymin>393</ymin>
            <xmax>1093</xmax>
            <ymax>571</ymax>
        </bndbox>
    </object>
    <object>
        <name>box</name>
        <bndbox>
            <xmin>1007</xmin>
            <ymin>498</ymin>
            <xmax>1050</xmax>
            <ymax>563</ymax>
        </bndbox>
    </object>
</annotation>