<annotation>
    <folder></folder>
    <filename>01249.jpg</filename>
    <path>/media/vv/sda3/caozhiwei/detection/GroundingDINO/voc_dataset/data/01249.jpg</path>
    <source>
        <database></database>
    </source>
    <size>
        <width>1920</width>
        <height>1080</height>
        <depth>3</depth>
    </size>
    <segmented></segmented>
    <object>
        <name>box</name>
        <bndbox>
            <xmin>1215</xmin>
            <ymin>508</ymin>
            <xmax>1284</xmax>
            <ymax>568</ymax>
        </bndbox>
    </object>
</annotation>