<annotation>
    <folder></folder>
    <filename>01266.jpg</filename>
    <path>/media/vv/sda3/caozhiwei/detection/GroundingDINO/voc_dataset/data/01266.jpg</path>
    <source>
        <database></database>
    </source>
    <size>
        <width>1920</width>
        <height>1080</height>
        <depth>3</depth>
    </size>
    <segmented></segmented>
    <object>
        <name>box</name>
        <bndbox>
            <xmin>1004</xmin>
            <ymin>503</ymin>
            <xmax>1071</xmax>
            <ymax>564</ymax>
        </bndbox>
    </object>
    <object>
        <name>person</name>
        <bndbox>
            <xmin>1030</xmin>
            <ymin>391</ymin>
            <xmax>1095</xmax>
            <ymax>551</ymax>
        </bndbox>
    </object>
</annotation>