<annotation>
    <folder></folder>
    <filename>01269.jpg</filename>
    <path>/media/vv/sda3/caozhiwei/detection/GroundingDINO/voc_dataset/data/01269.jpg</path>
    <source>
        <database></database>
    </source>
    <size>
        <width>1920</width>
        <height>1080</height>
        <depth>3</depth>
    </size>
    <segmented></segmented>
    <object>
        <name>person</name>
        <bndbox>
            <xmin>1117</xmin>
            <ymin>392</ymin>
            <xmax>1175</xmax>
            <ymax>571</ymax>
        </bndbox>
    </object>
    <object>
        <name>box</name>
        <bndbox>
            <xmin>1160</xmin>
            <ymin>514</ymin>
            <xmax>1229</xmax>
            <ymax>576</ymax>
        </bndbox>
    </object>
</annotation>