<annotation>
    <folder></folder>
    <filename>01323.jpg</filename>
    <path>/media/vv/sda3/caozhiwei/detection/GroundingDINO/voc_dataset/data/01323.jpg</path>
    <source>
        <database></database>
    </source>
    <size>
        <width>1920</width>
        <height>1080</height>
        <depth>3</depth>
    </size>
    <segmented></segmented>
    <object>
        <name>person</name>
        <bndbox>
            <xmin>1127</xmin>
            <ymin>375</ymin>
            <xmax>1192</xmax>
            <ymax>505</ymax>
        </bndbox>
    </object>
    <object>
        <name>box</name>
        <bndbox>
            <xmin>993</xmin>
            <ymin>504</ymin>
            <xmax>1060</xmax>
            <ymax>565</ymax>
        </bndbox>
    </object>
</annotation>