<annotation>
    <folder></folder>
    <filename>01337.jpg</filename>
    <path>/media/vv/sda3/caozhiwei/detection/GroundingDINO/voc_dataset/data/01337.jpg</path>
    <source>
        <database></database>
    </source>
    <size>
        <width>1920</width>
        <height>1080</height>
        <depth>3</depth>
    </size>
    <segmented></segmented>
    <object>
        <name>person</name>
        <bndbox>
            <xmin>1102</xmin>
            <ymin>399</ymin>
            <xmax>1183</xmax>
            <ymax>598</ymax>
        </bndbox>
    </object>
    <object>
        <name>box</name>
        <bndbox>
            <xmin>1157</xmin>
            <ymin>506</ymin>
            <xmax>1239</xmax>
            <ymax>568</ymax>
        </bndbox>
    </object>
</annotation>