<annotation>
    <folder></folder>
    <filename>01346.jpg</filename>
    <path>/media/vv/sda3/caozhiwei/detection/GroundingDINO/voc_dataset/data/01346.jpg</path>
    <source>
        <database></database>
    </source>
    <size>
        <width>1920</width>
        <height>1080</height>
        <depth>3</depth>
    </size>
    <segmented></segmented>
    <object>
        <name>person</name>
        <bndbox>
            <xmin>1106</xmin>
            <ymin>373</ymin>
            <xmax>1163</xmax>
            <ymax>492</ymax>
        </bndbox>
    </object>
    <object>
        <name>box</name>
        <bndbox>
            <xmin>989</xmin>
            <ymin>504</ymin>
            <xmax>1056</xmax>
            <ymax>565</ymax>
        </bndbox>
    </object>
</annotation>