<annotation>
    <folder></folder>
    <filename>01361.jpg</filename>
    <path>/media/vv/sda3/caozhiwei/detection/GroundingDINO/voc_dataset/data/01361.jpg</path>
    <source>
        <database></database>
    </source>
    <size>
        <width>1920</width>
        <height>1080</height>
        <depth>3</depth>
    </size>
    <segmented></segmented>
    <object>
        <name>person</name>
        <bndbox>
            <xmin>1008</xmin>
            <ymin>409</ymin>
            <xmax>1111</xmax>
            <ymax>644</ymax>
        </bndbox>
    </object>
    <object>
        <name>box</name>
        <bndbox>
            <xmin>1170</xmin>
            <ymin>508</ymin>
            <xmax>1241</xmax>
            <ymax>569</ymax>
        </bndbox>
    </object>
</annotation>