<annotation>
    <folder></folder>
    <filename>01369.jpg</filename>
    <path>/media/vv/sda3/caozhiwei/detection/GroundingDINO/voc_dataset/data/01369.jpg</path>
    <source>
        <database></database>
    </source>
    <size>
        <width>1920</width>
        <height>1080</height>
        <depth>3</depth>
    </size>
    <segmented></segmented>
    <object>
        <name>person</name>
        <bndbox>
            <xmin>973</xmin>
            <ymin>415</ymin>
            <xmax>1076</xmax>
            <ymax>660</ymax>
        </bndbox>
    </object>
    <object>
        <name>box</name>
        <bndbox>
            <xmin>1174</xmin>
            <ymin>509</ymin>
            <xmax>1243</xmax>
            <ymax>569</ymax>
        </bndbox>
    </object>
</annotation>