<annotation>
    <folder></folder>
    <filename>01368.jpg</filename>
    <path>/media/vv/sda3/caozhiwei/detection/GroundingDINO/voc_dataset/data/01368.jpg</path>
    <source>
        <database></database>
    </source>
    <size>
        <width>1920</width>
        <height>1080</height>
        <depth>3</depth>
    </size>
    <segmented></segmented>
    <object>
        <name>box</name>
        <bndbox>
            <xmin>848</xmin>
            <ymin>481</ymin>
            <xmax>916</xmax>
            <ymax>539</ymax>
        </bndbox>
    </object>
    <object>
        <name>person</name>
        <bndbox>
            <xmin>1</xmin>
            <ymin>832</ymin>
            <xmax>105</xmax>
            <ymax>1077</ymax>
        </bndbox>
    </object>
</annotation>