<annotation>
    <folder></folder>
    <filename>01371.jpg</filename>
    <path>/media/vv/sda3/caozhiwei/detection/GroundingDINO/voc_dataset/data/01371.jpg</path>
    <source>
        <database></database>
    </source>
    <size>
        <width>1920</width>
        <height>1080</height>
        <depth>3</depth>
    </size>
    <segmented></segmented>
    <object>
        <name>person</name>
        <bndbox>
            <xmin>1181</xmin>
            <ymin>375</ymin>
            <xmax>1238</xmax>
            <ymax>480</ymax>
        </bndbox>
    </object>
    <object>
        <name>box</name>
        <bndbox>
            <xmin>986</xmin>
            <ymin>507</ymin>
            <xmax>1052</xmax>
            <ymax>567</ymax>
        </bndbox>
    </object>
</annotation>