<annotation>
    <folder></folder>
    <filename>01385.jpg</filename>
    <path>/media/vv/sda3/caozhiwei/detection/GroundingDINO/voc_dataset/data/01385.jpg</path>
    <source>
        <database></database>
    </source>
    <size>
        <width>1920</width>
        <height>1080</height>
        <depth>3</depth>
    </size>
    <segmented></segmented>
    <object>
        <name>person</name>
        <bndbox>
            <xmin>1198</xmin>
            <ymin>376</ymin>
            <xmax>1254</xmax>
            <ymax>474</ymax>
        </bndbox>
    </object>
    <object>
        <name>box</name>
        <bndbox>
            <xmin>984</xmin>
            <ymin>507</ymin>
            <xmax>1051</xmax>
            <ymax>568</ymax>
        </bndbox>
    </object>
</annotation>