<annotation>
    <folder></folder>
    <filename>01383.jpg</filename>
    <path>/media/vv/sda3/caozhiwei/detection/GroundingDINO/voc_dataset/data/01383.jpg</path>
    <source>
        <database></database>
    </source>
    <size>
        <width>1920</width>
        <height>1080</height>
        <depth>3</depth>
    </size>
    <segmented></segmented>
    <object>
        <name>person</name>
        <bndbox>
            <xmin>846</xmin>
            <ymin>417</ymin>
            <xmax>1000</xmax>
            <ymax>710</ymax>
        </bndbox>
    </object>
    <object>
        <name>box</name>
        <bndbox>
            <xmin>1181</xmin>
            <ymin>506</ymin>
            <xmax>1252</xmax>
            <ymax>568</ymax>
        </bndbox>
    </object>
</annotation>