<annotation>
    <folder></folder>
    <filename>01391.jpg</filename>
    <path>/media/vv/sda3/caozhiwei/detection/GroundingDINO/voc_dataset/data/01391.jpg</path>
    <source>
        <database></database>
    </source>
    <size>
        <width>1920</width>
        <height>1080</height>
        <depth>3</depth>
    </size>
    <segmented></segmented>
    <object>
        <name>box</name>
        <bndbox>
            <xmin>982</xmin>
            <ymin>507</ymin>
            <xmax>1050</xmax>
            <ymax>568</ymax>
        </bndbox>
    </object>
    <object>
        <name>person</name>
        <bndbox>
            <xmin>1207</xmin>
            <ymin>374</ymin>
            <xmax>1256</xmax>
            <ymax>472</ymax>
        </bndbox>
    </object>
</annotation>