<annotation>
    <folder></folder>
    <filename>01404.jpg</filename>
    <path>/media/vv/sda3/caozhiwei/detection/GroundingDINO/voc_dataset/data/01404.jpg</path>
    <source>
        <database></database>
    </source>
    <size>
        <width>1920</width>
        <height>1080</height>
        <depth>3</depth>
    </size>
    <segmented></segmented>
    <object>
        <name>person</name>
        <bndbox>
            <xmin>72</xmin>
            <ymin>830</ymin>
            <xmax>346</xmax>
            <ymax>1076</ymax>
        </bndbox>
    </object>
    <object>
        <name>box</name>
        <bndbox>
            <xmin>1067</xmin>
            <ymin>517</ymin>
            <xmax>1136</xmax>
            <ymax>579</ymax>
        </bndbox>
    </object>
</annotation>