<annotation>
    <folder></folder>
    <filename>01415.jpg</filename>
    <path>/media/vv/sda3/caozhiwei/detection/GroundingDINO/voc_dataset/data/01415.jpg</path>
    <source>
        <database></database>
    </source>
    <size>
        <width>1920</width>
        <height>1080</height>
        <depth>3</depth>
    </size>
    <segmented></segmented>
    <object>
        <name>person</name>
        <bndbox>
            <xmin>500</xmin>
            <ymin>451</ymin>
            <xmax>752</xmax>
            <ymax>901</ymax>
        </bndbox>
    </object>
    <object>
        <name>box</name>
        <bndbox>
            <xmin>1195</xmin>
            <ymin>504</ymin>
            <xmax>1265</xmax>
            <ymax>565</ymax>
        </bndbox>
    </object>
</annotation>