<annotation>
    <folder></folder>
    <filename>01424.jpg</filename>
    <path>/media/vv/sda3/caozhiwei/detection/GroundingDINO/voc_dataset/data/01424.jpg</path>
    <source>
        <database></database>
    </source>
    <size>
        <width>1920</width>
        <height>1080</height>
        <depth>3</depth>
    </size>
    <segmented></segmented>
    <object>
        <name>person</name>
        <bndbox>
            <xmin>146</xmin>
            <ymin>832</ymin>
            <xmax>364</xmax>
            <ymax>1076</ymax>
        </bndbox>
    </object>
    <object>
        <name>box</name>
        <bndbox>
            <xmin>1062</xmin>
            <ymin>516</ymin>
            <xmax>1133</xmax>
            <ymax>576</ymax>
        </bndbox>
    </object>
</annotation>