<annotation>
    <folder></folder>
    <filename>01440.jpg</filename>
    <path>/media/vv/sda3/caozhiwei/detection/GroundingDINO/voc_dataset/data/01440.jpg</path>
    <source>
        <database></database>
    </source>
    <size>
        <width>1920</width>
        <height>1080</height>
        <depth>3</depth>
    </size>
    <segmented></segmented>
    <object>
        <name>person</name>
        <bndbox>
            <xmin>26</xmin>
            <ymin>841</ymin>
            <xmax>321</xmax>
            <ymax>1077</ymax>
        </bndbox>
    </object>
    <object>
        <name>box</name>
        <bndbox>
            <xmin>1058</xmin>
            <ymin>513</ymin>
            <xmax>1126</xmax>
            <ymax>576</ymax>
        </bndbox>
    </object>
</annotation>