<annotation>
    <folder></folder>
    <filename>01459.jpg</filename>
    <path>/media/vv/sda3/caozhiwei/detection/GroundingDINO/voc_dataset/data/01459.jpg</path>
    <source>
        <database></database>
    </source>
    <size>
        <width>1920</width>
        <height>1080</height>
        <depth>3</depth>
    </size>
    <segmented></segmented>
    <object>
        <name>person</name>
        <bndbox>
            <xmin>1258</xmin>
            <ymin>369</ymin>
            <xmax>1302</xmax>
            <ymax>452</ymax>
        </bndbox>
    </object>
    <object>
        <name>box</name>
        <bndbox>
            <xmin>978</xmin>
            <ymin>504</ymin>
            <xmax>1045</xmax>
            <ymax>566</ymax>
        </bndbox>
    </object>
</annotation>