<annotation>
    <folder></folder>
    <filename>01464.jpg</filename>
    <path>/media/vv/sda3/caozhiwei/detection/GroundingDINO/voc_dataset/data/01464.jpg</path>
    <source>
        <database></database>
    </source>
    <size>
        <width>1920</width>
        <height>1080</height>
        <depth>3</depth>
    </size>
    <segmented></segmented>
    <object>
        <name>person</name>
        <bndbox>
            <xmin>1261</xmin>
            <ymin>369</ymin>
            <xmax>1306</xmax>
            <ymax>451</ymax>
        </bndbox>
    </object>
    <object>
        <name>box</name>
        <bndbox>
            <xmin>976</xmin>
            <ymin>504</ymin>
            <xmax>1044</xmax>
            <ymax>566</ymax>
        </bndbox>
    </object>
</annotation>