<annotation>
    <folder></folder>
    <filename>01482.jpg</filename>
    <path>/media/vv/sda3/caozhiwei/detection/GroundingDINO/voc_dataset/data/01482.jpg</path>
    <source>
        <database></database>
    </source>
    <size>
        <width>1920</width>
        <height>1080</height>
        <depth>3</depth>
    </size>
    <segmented></segmented>
    <object>
        <name>person</name>
        <bndbox>
            <xmin>1262</xmin>
            <ymin>370</ymin>
            <xmax>1300</xmax>
            <ymax>454</ymax>
        </bndbox>
    </object>
    <object>
        <name>box</name>
        <bndbox>
            <xmin>976</xmin>
            <ymin>506</ymin>
            <xmax>1044</xmax>
            <ymax>567</ymax>
        </bndbox>
    </object>
</annotation>