<annotation>
    <folder></folder>
    <filename>01509.jpg</filename>
    <path>/media/vv/sda3/caozhiwei/detection/GroundingDINO/voc_dataset/data/01509.jpg</path>
    <source>
        <database></database>
    </source>
    <size>
        <width>1920</width>
        <height>1080</height>
        <depth>3</depth>
    </size>
    <segmented></segmented>
    <object>
        <name>person</name>
        <bndbox>
            <xmin>766</xmin>
            <ymin>435</ymin>
            <xmax>896</xmax>
            <ymax>742</ymax>
        </bndbox>
    </object>
    <object>
        <name>box</name>
        <bndbox>
            <xmin>1034</xmin>
            <ymin>505</ymin>
            <xmax>1102</xmax>
            <ymax>566</ymax>
        </bndbox>
    </object>
</annotation>