<annotation>
    <folder></folder>
    <filename>01512.jpg</filename>
    <path>/media/vv/sda3/caozhiwei/detection/GroundingDINO/voc_dataset/data/01512.jpg</path>
    <source>
        <database></database>
    </source>
    <size>
        <width>1920</width>
        <height>1080</height>
        <depth>3</depth>
    </size>
    <segmented></segmented>
    <object>
        <name>person</name>
        <bndbox>
            <xmin>1255</xmin>
            <ymin>376</ymin>
            <xmax>1295</xmax>
            <ymax>457</ymax>
        </bndbox>
    </object>
    <object>
        <name>box</name>
        <bndbox>
            <xmin>975</xmin>
            <ymin>510</ymin>
            <xmax>1040</xmax>
            <ymax>569</ymax>
        </bndbox>
    </object>
</annotation>