<annotation>
    <folder></folder>
    <filename>01510.jpg</filename>
    <path>/media/vv/sda3/caozhiwei/detection/GroundingDINO/voc_dataset/data/01510.jpg</path>
    <source>
        <database></database>
    </source>
    <size>
        <width>1920</width>
        <height>1080</height>
        <depth>3</depth>
    </size>
    <segmented></segmented>
    <object>
        <name>box</name>
        <bndbox>
            <xmin>976</xmin>
            <ymin>510</ymin>
            <xmax>1042</xmax>
            <ymax>569</ymax>
        </bndbox>
    </object>
    <object>
        <name>person</name>
        <bndbox>
            <xmin>1257</xmin>
            <ymin>374</ymin>
            <xmax>1296</xmax>
            <ymax>457</ymax>
        </bndbox>
    </object>
</annotation>