<annotation>
    <folder></folder>
    <filename>01516.jpg</filename>
    <path>/media/vv/sda3/caozhiwei/detection/GroundingDINO/voc_dataset/data/01516.jpg</path>
    <source>
        <database></database>
    </source>
    <size>
        <width>1920</width>
        <height>1080</height>
        <depth>3</depth>
    </size>
    <segmented></segmented>
    <object>
        <name>person</name>
        <bndbox>
            <xmin>785</xmin>
            <ymin>425</ymin>
            <xmax>913</xmax>
            <ymax>731</ymax>
        </bndbox>
    </object>
    <object>
        <name>box</name>
        <bndbox>
            <xmin>1031</xmin>
            <ymin>505</ymin>
            <xmax>1098</xmax>
            <ymax>566</ymax>
        </bndbox>
    </object>
</annotation>