<annotation>
	<folder>data</folder>
	<filename>01614.jpg</filename>
	<path>\\gz\ActiveBackupforBusiness\曹志威\rail_ground\train\data\01614.jpg</path>
	<source>
		<database>Unknown</database>
	</source>
	<size>
		<width>1920</width>
		<height>1080</height>
		<depth>3</depth>
	</size>
	<segmented>0</segmented>
	<object>
		<name>stone</name>
		<pose>Unspecified</pose>
		<truncated>0</truncated>
		<difficult>0</difficult>
		<bndbox>
			<xmin>830</xmin>
			<ymin>411</ymin>
			<xmax>851</xmax>
			<ymax>421</ymax>
		</bndbox>
	</object>
	<object>
		<name>person</name>
		<pose>Unspecified</pose>
		<truncated>0</truncated>
		<difficult>0</difficult>
		<bndbox>
			<xmin>821</xmin>
			<ymin>381</ymin>
			<xmax>830</xmax>
			<ymax>419</ymax>
		</bndbox>
	</object>
	<object>
		<name>person</name>
		<pose>Unspecified</pose>
		<truncated>0</truncated>
		<difficult>0</difficult>
		<bndbox>
			<xmin>815</xmin>
			<ymin>382</ymin>
			<xmax>824</xmax>
			<ymax>412</ymax>
		</bndbox>
	</object>
	<object>
		<name>person</name>
		<pose>Unspecified</pose>
		<truncated>0</truncated>
		<difficult>0</difficult>
		<bndbox>
			<xmin>802</xmin>
			<ymin>384</ymin>
			<xmax>813</xmax>
			<ymax>414</ymax>
		</bndbox>
	</object>
	<object>
		<name>balloon</name>
		<pose>Unspecified</pose>
		<truncated>0</truncated>
		<difficult>0</difficult>
		<bndbox>
			<xmin>808</xmin>
			<ymin>418</ymin>
			<xmax>820</xmax>
			<ymax>430</ymax>
		</bndbox>
	</object>
	<object>
		<name>stone</name>
		<pose>Unspecified</pose>
		<truncated>0</truncated>
		<difficult>0</difficult>
		<bndbox>
			<xmin>780</xmin>
			<ymin>402</ymin>
			<xmax>795</xmax>
			<ymax>413</ymax>
		</bndbox>
	</object>
</annotation>
