<annotation>
	<folder>data</folder>
	<filename>02137.jpg</filename>
	<path>\\gz\ActiveBackupforBusiness\曹志威\rail_ground\train\data\02137.jpg</path>
	<source>
		<database>Unknown</database>
	</source>
	<size>
		<width>1920</width>
		<height>1080</height>
		<depth>3</depth>
	</size>
	<segmented>0</segmented>
	<object>
		<name>person</name>
		<pose>Unspecified</pose>
		<truncated>0</truncated>
		<difficult>0</difficult>
		<bndbox>
			<xmin>796</xmin>
			<ymin>469</ymin>
			<xmax>820</xmax>
			<ymax>517</ymax>
		</bndbox>
	</object>
	<object>
		<name>person</name>
		<pose>Unspecified</pose>
		<truncated>0</truncated>
		<difficult>0</difficult>
		<bndbox>
			<xmin>735</xmin>
			<ymin>475</ymin>
			<xmax>750</xmax>
			<ymax>515</ymax>
		</bndbox>
	</object>
	<object>
		<name>person</name>
		<pose>Unspecified</pose>
		<truncated>0</truncated>
		<difficult>0</difficult>
		<bndbox>
			<xmin>734</xmin>
			<ymin>466</ymin>
			<xmax>750</xmax>
			<ymax>514</ymax>
		</bndbox>
	</object>
	<object>
		<name>stone</name>
		<pose>Unspecified</pose>
		<truncated>0</truncated>
		<difficult>0</difficult>
		<bndbox>
			<xmin>763</xmin>
			<ymin>489</ymin>
			<xmax>783</xmax>
			<ymax>501</ymax>
		</bndbox>
	</object>
	<object>
		<name>stone</name>
		<pose>Unspecified</pose>
		<truncated>0</truncated>
		<difficult>0</difficult>
		<bndbox>
			<xmin>750</xmin>
			<ymin>500</ymin>
			<xmax>760</xmax>
			<ymax>513</ymax>
		</bndbox>
	</object>
	<object>
		<name>stone</name>
		<pose>Unspecified</pose>
		<truncated>0</truncated>
		<difficult>0</difficult>
		<bndbox>
			<xmin>713</xmin>
			<ymin>484</ymin>
			<xmax>729</xmax>
			<ymax>496</ymax>
		</bndbox>
	</object>
	<object>
		<name>box</name>
		<pose>Unspecified</pose>
		<truncated>0</truncated>
		<difficult>0</difficult>
		<bndbox>
			<xmin>703</xmin>
			<ymin>484</ymin>
			<xmax>710</xmax>
			<ymax>495</ymax>
		</bndbox>
	</object>
</annotation>
