<annotation>
	<folder>data</folder>
	<filename>02148.jpg</filename>
	<path>\\gz\ActiveBackupforBusiness\曹志威\rail_ground\train\data\02148.jpg</path>
	<source>
		<database>Unknown</database>
	</source>
	<size>
		<width>1920</width>
		<height>1080</height>
		<depth>3</depth>
	</size>
	<segmented>0</segmented>
	<object>
		<name>person</name>
		<pose>Unspecified</pose>
		<truncated>0</truncated>
		<difficult>0</difficult>
		<bndbox>
			<xmin>781</xmin>
			<ymin>466</ymin>
			<xmax>811</xmax>
			<ymax>515</ymax>
		</bndbox>
	</object>
	<object>
		<name>person</name>
		<pose>Unspecified</pose>
		<truncated>0</truncated>
		<difficult>0</difficult>
		<bndbox>
			<xmin>750</xmin>
			<ymin>478</ymin>
			<xmax>771</xmax>
			<ymax>526</ymax>
		</bndbox>
	</object>
	<object>
		<name>person</name>
		<pose>Unspecified</pose>
		<truncated>0</truncated>
		<difficult>0</difficult>
		<bndbox>
			<xmin>739</xmin>
			<ymin>477</ymin>
			<xmax>755</xmax>
			<ymax>518</ymax>
		</bndbox>
	</object>
	<object>
		<name>stone</name>
		<pose>Unspecified</pose>
		<truncated>0</truncated>
		<difficult>0</difficult>
		<bndbox>
			<xmin>770</xmin>
			<ymin>493</ymin>
			<xmax>783</xmax>
			<ymax>503</ymax>
		</bndbox>
	</object>
	<object>
		<name>stone</name>
		<pose>Unspecified</pose>
		<truncated>0</truncated>
		<difficult>0</difficult>
		<bndbox>
			<xmin>712</xmin>
			<ymin>488</ymin>
			<xmax>729</xmax>
			<ymax>499</ymax>
		</bndbox>
	</object>
	<object>
		<name>box</name>
		<pose>Unspecified</pose>
		<truncated>0</truncated>
		<difficult>0</difficult>
		<bndbox>
			<xmin>702</xmin>
			<ymin>486</ymin>
			<xmax>709</xmax>
			<ymax>496</ymax>
		</bndbox>
	</object>
</annotation>
