<annotation>
	<folder>data</folder>
	<filename>02668.jpg</filename>
	<path>\\gz\ActiveBackupforBusiness\曹志威\rail_ground\train\data\02668.jpg</path>
	<source>
		<database>Unknown</database>
	</source>
	<size>
		<width>1920</width>
		<height>1080</height>
		<depth>3</depth>
	</size>
	<segmented>0</segmented>
	<object>
		<name>person</name>
		<pose>Unspecified</pose>
		<truncated>0</truncated>
		<difficult>0</difficult>
		<bndbox>
			<xmin>602</xmin>
			<ymin>710</ymin>
			<xmax>700</xmax>
			<ymax>954</ymax>
		</bndbox>
	</object>
	<object>
		<name>box</name>
		<pose>Unspecified</pose>
		<truncated>0</truncated>
		<difficult>0</difficult>
		<bndbox>
			<xmin>714</xmin>
			<ymin>832</ymin>
			<xmax>809</xmax>
			<ymax>921</ymax>
		</bndbox>
	</object>
	<object>
		<name>person</name>
		<pose>Unspecified</pose>
		<truncated>0</truncated>
		<difficult>0</difficult>
		<bndbox>
			<xmin>671</xmin>
			<ymin>725</ymin>
			<xmax>705</xmax>
			<ymax>948</ymax>
		</bndbox>
	</object>
	<object>
		<name>person</name>
		<pose>Unspecified</pose>
		<truncated>0</truncated>
		<difficult>0</difficult>
		<bndbox>
			<xmin>693</xmin>
			<ymin>729</ymin>
			<xmax>737</xmax>
			<ymax>931</ymax>
		</bndbox>
	</object>
	<object>
		<name>person</name>
		<pose>Unspecified</pose>
		<truncated>0</truncated>
		<difficult>0</difficult>
		<bndbox>
			<xmin>736</xmin>
			<ymin>661</ymin>
			<xmax>781</xmax>
			<ymax>727</ymax>
		</bndbox>
	</object>
	<object>
		<name>person</name>
		<pose>Unspecified</pose>
		<truncated>0</truncated>
		<difficult>0</difficult>
		<bndbox>
			<xmin>783</xmin>
			<ymin>664</ymin>
			<xmax>798</xmax>
			<ymax>687</ymax>
		</bndbox>
	</object>
	<object>
		<name>box</name>
		<pose>Unspecified</pose>
		<truncated>0</truncated>
		<difficult>0</difficult>
		<bndbox>
			<xmin>854</xmin>
			<ymin>704</ymin>
			<xmax>879</xmax>
			<ymax>727</ymax>
		</bndbox>
	</object>
	<object>
		<name>stone</name>
		<pose>Unspecified</pose>
		<truncated>0</truncated>
		<difficult>0</difficult>
		<bndbox>
			<xmin>346</xmin>
			<ymin>983</ymin>
			<xmax>533</xmax>
			<ymax>1072</ymax>
		</bndbox>
	</object>
</annotation>
