<annotation>
	<folder>data</folder>
	<filename>03762.jpg</filename>
	<path>G:\mentougou\data\03762.jpg</path>
	<source>
		<database>Unknown</database>
	</source>
	<size>
		<width>1920</width>
		<height>1080</height>
		<depth>3</depth>
	</size>
	<segmented>0</segmented>
	<object>
		<name>person</name>
		<pose>Unspecified</pose>
		<truncated>0</truncated>
		<difficult>0</difficult>
		<bndbox>
			<xmin>1178</xmin>
			<ymin>838</ymin>
			<xmax>1228</xmax>
			<ymax>927</ymax>
		</bndbox>
	</object>
	<object>
		<name>person</name>
		<pose>Unspecified</pose>
		<truncated>0</truncated>
		<difficult>0</difficult>
		<bndbox>
			<xmin>1143</xmin>
			<ymin>866</ymin>
			<xmax>1176</xmax>
			<ymax>907</ymax>
		</bndbox>
	</object>
	<object>
		<name>person</name>
		<pose>Unspecified</pose>
		<truncated>0</truncated>
		<difficult>0</difficult>
		<bndbox>
			<xmin>1171</xmin>
			<ymin>846</ymin>
			<xmax>1195</xmax>
			<ymax>923</ymax>
		</bndbox>
	</object>
</annotation>
